id,char,pinyin,allPinyins,toneNumber,fileName,audio,isPolyphonic,source,recommendedText,note
1,一,yī,yī,yi1,001_yi1.mp3,/audio/hanzi/001_yi1.mp3,false,一年级上册常见字,一,
2,二,èr,èr,er4,002_er4.mp3,/audio/hanzi/002_er4.mp3,false,一年级上册常见字,二,
3,三,sān,sān,san1,003_san1.mp3,/audio/hanzi/003_san1.mp3,false,一年级上册常见字,三,
4,十,shí,shí,shi2,004_shi2.mp3,/audio/hanzi/004_shi2.mp3,false,一年级上册常见字,十,
5,木,mù,mù,mu4,005_mu4.mp3,/audio/hanzi/005_mu4.mp3,false,一年级上册常见字,木,
6,禾,hé,hé,he2,006_he2.mp3,/audio/hanzi/006_he2.mp3,false,一年级上册常见字,禾,
7,上,shàng,shàng,shang4,007_shang4.mp3,/audio/hanzi/007_shang4.mp3,false,一年级上册常见字,上,
8,下,xià,xià,xia4,008_xia4.mp3,/audio/hanzi/008_xia4.mp3,false,一年级上册常见字,下,
9,土,tǔ,tǔ,tu3,009_tu3.mp3,/audio/hanzi/009_tu3.mp3,false,一年级上册常见字,土,
10,个,gè,gè,ge4,010_ge4.mp3,/audio/hanzi/010_ge4.mp3,false,一年级上册常见字,个,
11,八,bā,bā,ba1,011_ba1.mp3,/audio/hanzi/011_ba1.mp3,false,一年级上册常见字,八,
12,入,rù,rù,ru4,012_ru4.mp3,/audio/hanzi/012_ru4.mp3,false,一年级上册常见字,入,
13,大,dà,dà,da4,013_da4.mp3,/audio/hanzi/013_da4.mp3,false,一年级上册常见字,大,
14,天,tiān,tiān,tian1,014_tian1.mp3,/audio/hanzi/014_tian1.mp3,false,一年级上册常见字,天,
15,人,rén,rén,ren2,015_ren2.mp3,/audio/hanzi/015_ren2.mp3,false,一年级上册常见字,人,
16,火,huǒ,huǒ,huo3,016_huo3.mp3,/audio/hanzi/016_huo3.mp3,false,一年级上册常见字,火,
17,文,wén,wén,wen2,017_wen2.mp3,/audio/hanzi/017_wen2.mp3,false,一年级上册常见字,文,
18,六,liù,liù,liu4,018_liu4.mp3,/audio/hanzi/018_liu4.mp3,false,一年级上册常见字,六,
19,七,qī,qī,qi1,019_qi1.mp3,/audio/hanzi/019_qi1.mp3,false,一年级上册常见字,七,
20,儿,ér,ér,er2,020_er2.mp3,/audio/hanzi/020_er2.mp3,false,一年级上册常见字,儿,
21,九,jiǔ,jiǔ,jiu3,021_jiu3.mp3,/audio/hanzi/021_jiu3.mp3,false,一年级上册常见字,九,
22,无,wú,wú,wu2,022_wu2.mp3,/audio/hanzi/022_wu2.mp3,false,一年级上册常见字,无,
23,口,kǒu,kǒu,kou3,023_kou3.mp3,/audio/hanzi/023_kou3.mp3,false,一年级上册常见字,口,
24,日,rì,rì,ri4,024_ri4.mp3,/audio/hanzi/024_ri4.mp3,false,一年级上册常见字,日,
25,中,zhōng,zhōng,zhong1,025_zhong1.mp3,/audio/hanzi/025_zhong1.mp3,false,一年级上册常见字,中,
26,了,le,le/liǎo,le5,026_le5.mp3,/audio/hanzi/026_le5.mp3,true,一年级上册常见字,了,多音字，请按 pinyin 字段录制当前指定读音。
27,子,zǐ,zǐ,zi3,027_zi3.mp3,/audio/hanzi/027_zi3.mp3,false,一年级上册常见字,子,
28,门,mén,mén,men2,028_men2.mp3,/audio/hanzi/028_men2.mp3,false,一年级上册常见字,门,
29,月,yuè,yuè,yue4,029_yue4.mp3,/audio/hanzi/029_yue4.mp3,false,一年级上册常见字,月,
30,不,bù,bù,bu4,030_bu4.mp3,/audio/hanzi/030_bu4.mp3,false,一年级上册常见字,不,
31,开,kāi,kāi,kai1,031_kai1.mp3,/audio/hanzi/031_kai1.mp3,false,一年级上册常见字,开,
32,四,sì,sì,si4,032_si4.mp3,/audio/hanzi/032_si4.mp3,false,一年级上册常见字,四,
33,五,wǔ,wǔ,wu3,033_wu3.mp3,/audio/hanzi/033_wu3.mp3,false,一年级上册常见字,五,
34,目,mù,mù,mu4,034_mu4.mp3,/audio/hanzi/034_mu4.mp3,false,一年级上册常见字,目,
35,耳,ěr,ěr,er3,035_er3.mp3,/audio/hanzi/035_er3.mp3,false,一年级上册常见字,耳,
36,头,tóu,tóu,tou2,036_tou2.mp3,/audio/hanzi/036_tou2.mp3,false,一年级上册常见字,头,
37,米,mǐ,mǐ,mi3,037_mi3.mp3,/audio/hanzi/037_mi3.mp3,false,一年级上册常见字,米,
38,见,jiàn,jiàn,jian4,038_jian4.mp3,/audio/hanzi/038_jian4.mp3,false,一年级上册常见字,见,
39,白,bái,bái,bai2,039_bai2.mp3,/audio/hanzi/039_bai2.mp3,false,一年级上册常见字,白,
40,田,tián,tián,tian2,040_tian2.mp3,/audio/hanzi/040_tian2.mp3,false,一年级上册常见字,田,
41,电,diàn,diàn,dian4,041_dian4.mp3,/audio/hanzi/041_dian4.mp3,false,一年级上册常见字,电,
42,也,yě,yě,ye3,042_ye3.mp3,/audio/hanzi/042_ye3.mp3,false,一年级上册常见字,也,
43,长,cháng,cháng/zhǎng,chang2,043_chang2.mp3,/audio/hanzi/043_chang2.mp3,true,一年级上册常见字,长,多音字，请按 pinyin 字段录制当前指定读音。
44,山,shān,shān,shan1,044_shan1.mp3,/audio/hanzi/044_shan1.mp3,false,一年级上册常见字,山,
45,出,chū,chū,chu1,045_chu1.mp3,/audio/hanzi/045_chu1.mp3,false,一年级上册常见字,出,
46,飞,fēi,fēi,fei1,046_fei1.mp3,/audio/hanzi/046_fei1.mp3,false,一年级上册常见字,飞,
47,马,mǎ,mǎ,ma3,047_ma3.mp3,/audio/hanzi/047_ma3.mp3,false,一年级上册常见字,马,
48,鸟,niǎo,niǎo,niao3,048_niao3.mp3,/audio/hanzi/048_niao3.mp3,false,一年级上册常见字,鸟,
49,云,yún,yún,yun2,049_yun2.mp3,/audio/hanzi/049_yun2.mp3,false,一年级上册常见字,云,
50,公,gōng,gōng,gong1,050_gong1.mp3,/audio/hanzi/050_gong1.mp3,false,一年级上册常见字,公,
51,车,chē,chē,che1,051_che1.mp3,/audio/hanzi/051_che1.mp3,false,一年级上册常见字,车,
52,牛,niú,niú,niu2,052_niu2.mp3,/audio/hanzi/052_niu2.mp3,false,一年级上册常见字,牛,
53,羊,yáng,yáng,yang2,053_yang2.mp3,/audio/hanzi/053_yang2.mp3,false,一年级上册常见字,羊,
54,小,xiǎo,xiǎo,xiao3,054_xiao3.mp3,/audio/hanzi/054_xiao3.mp3,false,一年级上册常见字,小,
55,少,shǎo,shǎo/shào,shao3,055_shao3.mp3,/audio/hanzi/055_shao3.mp3,true,一年级上册常见字,少,多音字，请按 pinyin 字段录制当前指定读音。
56,巾,jīn,jīn,jin1,056_jin1.mp3,/audio/hanzi/056_jin1.mp3,false,一年级上册常见字,巾,
57,牙,yá,yá,ya2,057_ya2.mp3,/audio/hanzi/057_ya2.mp3,false,一年级上册常见字,牙,
58,尺,chǐ,chǐ,chi3,058_chi3.mp3,/audio/hanzi/058_chi3.mp3,false,一年级上册常见字,尺,
59,毛,máo,máo,mao2,059_mao2.mp3,/audio/hanzi/059_mao2.mp3,false,一年级上册常见字,毛,
60,卜,bǔ,bǔ/bo,bu3,060_bu3.mp3,/audio/hanzi/060_bu3.mp3,true,一年级上册常见字,卜,多音字，请按 pinyin 字段录制当前指定读音。
61,又,yòu,yòu,you4,061_you4.mp3,/audio/hanzi/061_you4.mp3,false,一年级上册常见字,又,
62,心,xīn,xīn,xin1,062_xin1.mp3,/audio/hanzi/062_xin1.mp3,false,一年级上册常见字,心,
63,风,fēng,fēng,feng1,063_feng1.mp3,/audio/hanzi/063_feng1.mp3,false,一年级上册常见字,风,
64,力,lì,lì,li4,064_li4.mp3,/audio/hanzi/064_li4.mp3,false,一年级上册常见字,力,
65,手,shǒu,shǒu,shou3,065_shou3.mp3,/audio/hanzi/065_shou3.mp3,false,一年级上册常见字,手,
66,水,shuǐ,shuǐ,shui3,066_shui3.mp3,/audio/hanzi/066_shui3.mp3,false,一年级上册常见字,水,
67,广,guǎng,guǎng,guang3,067_guang3.mp3,/audio/hanzi/067_guang3.mp3,false,一年级上册常见字,广,
68,升,shēng,shēng,sheng1,068_sheng1.mp3,/audio/hanzi/068_sheng1.mp3,false,一年级上册常见字,升,
69,足,zú,zú,zu2,069_zu2.mp3,/audio/hanzi/069_zu2.mp3,false,一年级上册常见字,足,
70,走,zǒu,zǒu,zou3,070_zou3.mp3,/audio/hanzi/070_zou3.mp3,false,一年级上册常见字,走,
71,方,fāng,fāng,fang1,071_fang1.mp3,/audio/hanzi/071_fang1.mp3,false,一年级上册常见字,方,
72,半,bàn,bàn,ban4,072_ban4.mp3,/audio/hanzi/072_ban4.mp3,false,一年级上册常见字,半,
73,巴,bā,bā,ba1,073_ba1.mp3,/audio/hanzi/073_ba1.mp3,false,一年级上册常见字,巴,
74,业,yè,yè,ye4,074_ye4.mp3,/audio/hanzi/074_ye4.mp3,false,一年级上册常见字,业,
75,本,běn,běn,ben3,075_ben3.mp3,/audio/hanzi/075_ben3.mp3,false,一年级上册常见字,本,
76,平,píng,píng,ping2,076_ping2.mp3,/audio/hanzi/076_ping2.mp3,false,一年级上册常见字,平,
77,书,shū,shū,shu1,077_shu1.mp3,/audio/hanzi/077_shu1.mp3,false,一年级上册常见字,书,
78,自,zì,zì,zi4,078_zi4.mp3,/audio/hanzi/078_zi4.mp3,false,一年级上册常见字,自,
79,已,yǐ,yǐ,yi3,079_yi3.mp3,/audio/hanzi/079_yi3.mp3,false,一年级上册常见字,已,
80,东,dōng,dōng,dong1,080_dong1.mp3,/audio/hanzi/080_dong1.mp3,false,一年级上册常见字,东,
81,西,xī,xī,xi1,081_xi1.mp3,/audio/hanzi/081_xi1.mp3,false,一年级上册常见字,西,
82,回,huí,huí,hui2,082_hui2.mp3,/audio/hanzi/082_hui2.mp3,false,一年级上册常见字,回,
83,片,piàn,piàn,pian4,083_pian4.mp3,/audio/hanzi/083_pian4.mp3,false,一年级上册常见字,片,
84,皮,pí,pí,pi2,084_pi2.mp3,/audio/hanzi/084_pi2.mp3,false,一年级上册常见字,皮,
85,生,shēng,shēng,sheng1,085_sheng1.mp3,/audio/hanzi/085_sheng1.mp3,false,一年级上册常见字,生,
86,里,lǐ,lǐ,li3,086_li3.mp3,/audio/hanzi/086_li3.mp3,false,一年级上册常见字,里,
87,果,guǒ,guǒ,guo3,087_guo3.mp3,/audio/hanzi/087_guo3.mp3,false,一年级上册常见字,果,
88,几,jǐ,jǐ,ji3,088_ji3.mp3,/audio/hanzi/088_ji3.mp3,false,一年级上册常见字,几,
89,用,yòng,yòng,yong4,089_yong4.mp3,/audio/hanzi/089_yong4.mp3,false,一年级上册常见字,用,
90,鱼,yú,yú,yu2,090_yu2.mp3,/audio/hanzi/090_yu2.mp3,false,一年级上册常见字,鱼,
91,今,jīn,jīn,jin1,091_jin1.mp3,/audio/hanzi/091_jin1.mp3,false,一年级上册常见字,今,
92,正,zhèng,zhèng/zhēng,zheng4,092_zheng4.mp3,/audio/hanzi/092_zheng4.mp3,true,一年级上册常见字,正,多音字，请按 pinyin 字段录制当前指定读音。
93,雨,yǔ,yǔ,yu3,093_yu3.mp3,/audio/hanzi/093_yu3.mp3,false,一年级上册常见字,雨,
94,两,liǎng,liǎng,liang3,094_liang3.mp3,/audio/hanzi/094_liang3.mp3,false,一年级上册常见字,两,
95,瓜,guā,guā,gua1,095_gua1.mp3,/audio/hanzi/095_gua1.mp3,false,一年级上册常见字,瓜,
96,衣,yī,yī,yi1,096_yi1.mp3,/audio/hanzi/096_yi1.mp3,false,一年级上册常见字,衣,
97,来,lái,lái,lai2,097_lai2.mp3,/audio/hanzi/097_lai2.mp3,false,一年级上册常见字,来,
98,年,nián,nián,nian2,098_nian2.mp3,/audio/hanzi/098_nian2.mp3,false,一年级上册常见字,年,
99,左,zuǒ,zuǒ,zuo3,099_zuo3.mp3,/audio/hanzi/099_zuo3.mp3,false,一年级上册常见字,左,
100,右,yòu,yòu,you4,100_you4.mp3,/audio/hanzi/100_you4.mp3,false,一年级上册常见字,右,
101,万,wàn,wàn,wan4,101_wan4.mp3,/audio/hanzi/101_wan4.mp3,false,一年级下册常见字节选,万,
102,丁,dīng,dīng,ding1,102_ding1.mp3,/audio/hanzi/102_ding1.mp3,false,一年级下册常见字节选,丁,
103,冬,dōng,dōng,dong1,103_dong1.mp3,/audio/hanzi/103_dong1.mp3,false,一年级下册常见字节选,冬,
104,百,bǎi,bǎi,bai3,104_bai3.mp3,/audio/hanzi/104_bai3.mp3,false,一年级下册常见字节选,百,
105,齐,qí,qí,qi2,105_qi2.mp3,/audio/hanzi/105_qi2.mp3,false,一年级下册常见字节选,齐,
106,说,shuō,shuō,shuo1,106_shuo1.mp3,/audio/hanzi/106_shuo1.mp3,false,一年级下册常见字节选,说,
107,话,huà,huà,hua4,107_hua4.mp3,/audio/hanzi/107_hua4.mp3,false,一年级下册常见字节选,话,
108,朋,péng,péng,peng2,108_peng2.mp3,/audio/hanzi/108_peng2.mp3,false,一年级下册常见字节选,朋,
109,友,yǒu,yǒu,you3,109_you3.mp3,/audio/hanzi/109_you3.mp3,false,一年级下册常见字节选,友,
110,春,chūn,chūn,chun1,110_chun1.mp3,/audio/hanzi/110_chun1.mp3,false,一年级下册常见字节选,春,
111,高,gāo,gāo,gao1,111_gao1.mp3,/audio/hanzi/111_gao1.mp3,false,一年级下册常见字节选,高,
112,你,nǐ,nǐ,ni3,112_ni3.mp3,/audio/hanzi/112_ni3.mp3,false,一年级下册常见字节选,你,
113,们,men,men,men5,113_men5.mp3,/audio/hanzi/113_men5.mp3,false,一年级下册常见字节选,们,
114,红,hóng,hóng,hong2,114_hong2.mp3,/audio/hanzi/114_hong2.mp3,false,一年级下册常见字节选,红,
115,绿,lǜ,lǜ,lv4,115_lv4.mp3,/audio/hanzi/115_lv4.mp3,false,一年级下册常见字节选,绿,
116,花,huā,huā,hua1,116_hua1.mp3,/audio/hanzi/116_hua1.mp3,false,一年级下册常见字节选,花,
117,草,cǎo,cǎo,cao3,117_cao3.mp3,/audio/hanzi/117_cao3.mp3,false,一年级下册常见字节选,草,
118,爷,yé,yé,ye2,118_ye2.mp3,/audio/hanzi/118_ye2.mp3,false,一年级下册常见字节选,爷,
119,节,jié,jié,jie2,119_jie2.mp3,/audio/hanzi/119_jie2.mp3,false,一年级下册常见字节选,节,
120,岁,suì,suì,sui4,120_sui4.mp3,/audio/hanzi/120_sui4.mp3,false,一年级下册常见字节选,岁,
121,亲,qīn,qīn,qin1,121_qin1.mp3,/audio/hanzi/121_qin1.mp3,false,一年级下册常见字节选,亲,
122,的,de,de/dí/dì,de5,122_de5.mp3,/audio/hanzi/122_de5.mp3,true,一年级下册常见字节选,的,多音字，请按 pinyin 字段录制当前指定读音。
123,行,xíng,xíng/háng/héng,xing2,123_xing2.mp3,/audio/hanzi/123_xing2.mp3,true,一年级下册常见字节选,行,多音字，请按 pinyin 字段录制当前指定读音。
124,古,gǔ,gǔ,gu3,124_gu3.mp3,/audio/hanzi/124_gu3.mp3,false,一年级下册常见字节选,古,
125,声,shēng,shēng,sheng1,125_sheng1.mp3,/audio/hanzi/125_sheng1.mp3,false,一年级下册常见字节选,声,
126,多,duō,duō,duo1,126_duo1.mp3,/audio/hanzi/126_duo1.mp3,false,一年级下册常见字节选,多,
127,处,chù,chù/chǔ,chu4,127_chu4.mp3,/audio/hanzi/127_chu4.mp3,true,一年级下册常见字节选,处,多音字，请按 pinyin 字段录制当前指定读音。
128,知,zhī,zhī,zhi1,128_zhi1.mp3,/audio/hanzi/128_zhi1.mp3,false,一年级下册常见字节选,知,
129,忙,máng,máng,mang2,129_mang2.mp3,/audio/hanzi/129_mang2.mp3,false,一年级下册常见字节选,忙,
130,洗,xǐ,xǐ,xi3,130_xi3.mp3,/audio/hanzi/130_xi3.mp3,false,一年级下册常见字节选,洗,
131,认,rèn,rèn,ren4,131_ren4.mp3,/audio/hanzi/131_ren4.mp3,false,一年级下册常见字节选,认,
132,扫,sǎo,sǎo,sao3,132_sao3.mp3,/audio/hanzi/132_sao3.mp3,false,一年级下册常见字节选,扫,
133,真,zhēn,zhēn,zhen1,133_zhen1.mp3,/audio/hanzi/133_zhen1.mp3,false,一年级下册常见字节选,真,
134,父,fù,fù,fu4,134_fu4.mp3,/audio/hanzi/134_fu4.mp3,false,一年级下册常见字节选,父,
135,母,mǔ,mǔ,mu3,135_mu3.mp3,/audio/hanzi/135_mu3.mp3,false,一年级下册常见字节选,母,
136,爸,bà,bà,ba4,136_ba4.mp3,/audio/hanzi/136_ba4.mp3,false,一年级下册常见字节选,爸,
137,全,quán,quán,quan2,137_quan2.mp3,/audio/hanzi/137_quan2.mp3,false,一年级下册常见字节选,全,
138,关,guān,guān,guan1,138_guan1.mp3,/audio/hanzi/138_guan1.mp3,false,一年级下册常见字节选,关,
139,写,xiě,xiě,xie3,139_xie3.mp3,/audio/hanzi/139_xie3.mp3,false,一年级下册常见字节选,写,
140,完,wán,wán,wan2,140_wan2.mp3,/audio/hanzi/140_wan2.mp3,false,一年级下册常见字节选,完,
141,家,jiā,jiā,jia1,141_jia1.mp3,/audio/hanzi/141_jia1.mp3,false,一年级下册常见字节选,家,
142,看,kàn,kàn,kan4,142_kan4.mp3,/audio/hanzi/142_kan4.mp3,false,一年级下册常见字节选,看,
143,着,zhe,zhe/zháo/zhuó/zhāo,zhe5,143_zhe5.mp3,/audio/hanzi/143_zhe5.mp3,true,一年级下册常见字节选,着,多音字，请按 pinyin 字段录制当前指定读音。
144,画,huà,huà,hua4,144_hua4.mp3,/audio/hanzi/144_hua4.mp3,false,一年级下册常见字节选,画,
145,笑,xiào,xiào,xiao4,145_xiao4.mp3,/audio/hanzi/145_xiao4.mp3,false,一年级下册常见字节选,笑,
146,兴,xìng,xìng/xīng,xing4,146_xing4.mp3,/audio/hanzi/146_xing4.mp3,true,一年级下册常见字节选,兴,多音字，请按 pinyin 字段录制当前指定读音。
147,会,huì,huì,hui4,147_hui4.mp3,/audio/hanzi/147_hui4.mp3,false,一年级下册常见字节选,会,
148,妈,mā,mā,ma1,148_ma1.mp3,/audio/hanzi/148_ma1.mp3,false,一年级下册常见字节选,妈,
149,奶,nǎi,nǎi,nai3,149_nai3.mp3,/audio/hanzi/149_nai3.mp3,false,一年级下册常见字节选,奶,
150,午,wǔ,wǔ,wu3,150_wu3.mp3,/audio/hanzi/150_wu3.mp3,false,一年级下册常见字节选,午,
151,合,hé,hé,he2,151_he2.mp3,/audio/hanzi/151_he2.mp3,false,一年级下册常见字节选,合,
152,放,fàng,fàng,fang4,152_fang4.mp3,/audio/hanzi/152_fang4.mp3,false,一年级下册常见字节选,放,
153,收,shōu,shōu,shou1,153_shou1.mp3,/audio/hanzi/153_shou1.mp3,false,一年级下册常见字节选,收,
154,女,nǚ,nǚ,nv3,154_nv3.mp3,/audio/hanzi/154_nv3.mp3,false,一年级下册常见字节选,女,
155,太,tài,tài,tai4,155_tai4.mp3,/audio/hanzi/155_tai4.mp3,false,一年级下册常见字节选,太,
156,气,qì,qì,qi4,156_qi4.mp3,/audio/hanzi/156_qi4.mp3,false,一年级下册常见字节选,气,
157,早,zǎo,zǎo,zao3,157_zao3.mp3,/audio/hanzi/157_zao3.mp3,false,一年级下册常见字节选,早,
158,去,qù,qù,qu4,158_qu4.mp3,/audio/hanzi/158_qu4.mp3,false,一年级下册常见字节选,去,
159,亮,liàng,liàng,liang4,159_liang4.mp3,/audio/hanzi/159_liang4.mp3,false,一年级下册常见字节选,亮,
160,和,hé,hé/hè/huó/huò/hú,he2,160_he2.mp3,/audio/hanzi/160_he2.mp3,true,一年级下册常见字节选,和,多音字，请按 pinyin 字段录制当前指定读音。
161,语,yǔ,yǔ,yu3,161_yu3.mp3,/audio/hanzi/161_yu3.mp3,false,一年级下册常见字节选,语,
162,千,qiān,qiān,qian1,162_qian1.mp3,/audio/hanzi/162_qian1.mp3,false,一年级下册常见字节选,千,
163,李,lǐ,lǐ,li3,163_li3.mp3,/audio/hanzi/163_li3.mp3,false,一年级下册常见字节选,李,
164,秀,xiù,xiù,xiu4,164_xiu4.mp3,/audio/hanzi/164_xiu4.mp3,false,一年级下册常见字节选,秀,
165,香,xiāng,xiāng,xiang1,165_xiang1.mp3,/audio/hanzi/165_xiang1.mp3,false,一年级下册常见字节选,香,
166,听,tīng,tīng,ting1,166_ting1.mp3,/audio/hanzi/166_ting1.mp3,false,一年级下册常见字节选,听,
167,唱,chàng,chàng,chang4,167_chang4.mp3,/audio/hanzi/167_chang4.mp3,false,一年级下册常见字节选,唱,
168,连,lián,lián,lian2,168_lian2.mp3,/audio/hanzi/168_lian2.mp3,false,一年级下册常见字节选,连,
169,远,yuǎn,yuǎn,yuan3,169_yuan3.mp3,/audio/hanzi/169_yuan3.mp3,false,一年级下册常见字节选,远,
170,定,dìng,dìng,ding4,170_ding4.mp3,/audio/hanzi/170_ding4.mp3,false,一年级下册常见字节选,定,
171,向,xiàng,xiàng,xiang4,171_xiang4.mp3,/audio/hanzi/171_xiang4.mp3,false,一年级下册常见字节选,向,
172,以,yǐ,yǐ,yi3,172_yi3.mp3,/audio/hanzi/172_yi3.mp3,false,一年级下册常见字节选,以,
173,后,hòu,hòu,hou4,173_hou4.mp3,/audio/hanzi/173_hou4.mp3,false,一年级下册常见字节选,后,
174,更,gèng,gèng/gēng,geng4,174_geng4.mp3,/audio/hanzi/174_geng4.mp3,true,一年级下册常见字节选,更,多音字，请按 pinyin 字段录制当前指定读音。
175,主,zhǔ,zhǔ,zhu3,175_zhu3.mp3,/audio/hanzi/175_zhu3.mp3,false,一年级下册常见字节选,主,
176,意,yì,yì,yi4,176_yi4.mp3,/audio/hanzi/176_yi4.mp3,false,一年级下册常见字节选,意,
177,总,zǒng,zǒng,zong3,177_zong3.mp3,/audio/hanzi/177_zong3.mp3,false,一年级下册常见字节选,总,
178,先,xiān,xiān,xian1,178_xian1.mp3,/audio/hanzi/178_xian1.mp3,false,一年级下册常见字节选,先,
179,干,gān,gān/gàn,gan1,179_gan1.mp3,/audio/hanzi/179_gan1.mp3,true,一年级下册常见字节选,干,多音字，请按 pinyin 字段录制当前指定读音。
180,赶,gǎn,gǎn,gan3,180_gan3.mp3,/audio/hanzi/180_gan3.mp3,false,一年级下册常见字节选,赶,
181,起,qǐ,qǐ,qi3,181_qi3.mp3,/audio/hanzi/181_qi3.mp3,false,一年级下册常见字节选,起,
182,明,míng,míng,ming2,182_ming2.mp3,/audio/hanzi/182_ming2.mp3,false,一年级下册常见字节选,明,
183,净,jìng,jìng,jing4,183_jing4.mp3,/audio/hanzi/183_jing4.mp3,false,一年级下册常见字节选,净,
184,同,tóng,tóng,tong2,184_tong2.mp3,/audio/hanzi/184_tong2.mp3,false,一年级下册常见字节选,同,
185,工,gōng,gōng,gong1,185_gong1.mp3,/audio/hanzi/185_gong1.mp3,false,一年级下册常见字节选,工,
186,专,zhuān,zhuān,zhuan1,186_zhuan1.mp3,/audio/hanzi/186_zhuan1.mp3,false,一年级下册常见字节选,专,
187,才,cái,cái,cai2,187_cai2.mp3,/audio/hanzi/187_cai2.mp3,false,一年级下册常见字节选,才,
188,级,jí,jí,ji2,188_ji2.mp3,/audio/hanzi/188_ji2.mp3,false,一年级下册常见字节选,级,
189,队,duì,duì,dui4,189_dui4.mp3,/audio/hanzi/189_dui4.mp3,false,一年级下册常见字节选,队,
190,蚂,mǎ,mǎ,ma3,190_ma3.mp3,/audio/hanzi/190_ma3.mp3,false,一年级下册常见字节选,蚂,
191,蚁,yǐ,yǐ,yi3,191_yi3.mp3,/audio/hanzi/191_yi3.mp3,false,一年级下册常见字节选,蚁,
192,前,qián,qián,qian2,192_qian2.mp3,/audio/hanzi/192_qian2.mp3,false,一年级下册常见字节选,前,
193,空,kōng,kōng/kòng,kong1,193_kong1.mp3,/audio/hanzi/193_kong1.mp3,true,一年级下册常见字节选,空,多音字，请按 pinyin 字段录制当前指定读音。
194,房,fáng,fáng,fang2,194_fang2.mp3,/audio/hanzi/194_fang2.mp3,false,一年级下册常见字节选,房,
195,网,wǎng,wǎng,wang3,195_wang3.mp3,/audio/hanzi/195_wang3.mp3,false,一年级下册常见字节选,网,
196,诗,shī,shī,shi1,196_shi1.mp3,/audio/hanzi/196_shi1.mp3,false,一年级下册常见字节选,诗,
197,林,lín,lín,lin2,197_lin2.mp3,/audio/hanzi/197_lin2.mp3,false,一年级下册常见字节选,林,
198,童,tóng,tóng,tong2,198_tong2.mp3,/audio/hanzi/198_tong2.mp3,false,一年级下册常见字节选,童,
199,黄,huáng,huáng,huang2,199_huang2.mp3,/audio/hanzi/199_huang2.mp3,false,一年级下册常见字节选,黄,
200,闭,bì,bì,bi4,200_bi4.mp3,/audio/hanzi/200_bi4.mp3,false,一年级下册常见字节选,闭,
201,立,lì,lì,li4,201_li4.mp3,/audio/hanzi/201_li4.mp3,false,一年级下册常见字节选,立,
202,是,shì,shì,shi4,202_shi4.mp3,/audio/hanzi/202_shi4.mp3,false,一年级下册常见字节选,是,
203,朵,duǒ,duǒ,duo3,203_duo3.mp3,/audio/hanzi/203_duo3.mp3,false,一年级下册常见字节选,朵,
204,美,měi,měi,mei3,204_mei3.mp3,/audio/hanzi/204_mei3.mp3,false,一年级下册常见字节选,美,
205,我,wǒ,wǒ,wo3,205_wo3.mp3,/audio/hanzi/205_wo3.mp3,false,一年级下册常见字节选,我,
206,叶,yè,yè,ye4,206_ye4.mp3,/audio/hanzi/206_ye4.mp3,false,一年级下册常见字节选,叶,
207,机,jī,jī,ji1,207_ji1.mp3,/audio/hanzi/207_ji1.mp3,false,一年级下册常见字节选,机,
208,她,tā,tā,ta1,208_ta1.mp3,/audio/hanzi/208_ta1.mp3,false,一年级下册常见字节选,她,
209,他,tā,tā,ta1,209_ta1.mp3,/audio/hanzi/209_ta1.mp3,false,一年级下册常见字节选,他,
210,送,sòng,sòng,song4,210_song4.mp3,/audio/hanzi/210_song4.mp3,false,一年级下册常见字节选,送,
211,过,guò,guò,guo4,211_guo4.mp3,/audio/hanzi/211_guo4.mp3,false,一年级下册常见字节选,过,
212,时,shí,shí,shi2,212_shi2.mp3,/audio/hanzi/212_shi2.mp3,false,一年级下册常见字节选,时,
213,让,ràng,ràng,rang4,213_rang4.mp3,/audio/hanzi/213_rang4.mp3,false,一年级下册常见字节选,让,
214,吗,ma,ma,ma5,214_ma5.mp3,/audio/hanzi/214_ma5.mp3,false,一年级下册常见字节选,吗,
215,吧,ba,ba,ba5,215_ba5.mp3,/audio/hanzi/215_ba5.mp3,false,一年级下册常见字节选,吧,
216,虫,chóng,chóng,chong2,216_chong2.mp3,/audio/hanzi/216_chong2.mp3,false,一年级下册常见字节选,虫,
217,往,wǎng,wǎng,wang3,217_wang3.mp3,/audio/hanzi/217_wang3.mp3,false,一年级下册常见字节选,往,
218,得,dé,dé/de/děi,de2,218_de2.mp3,/audio/hanzi/218_de2.mp3,true,一年级下册常见字节选,得,多音字，请按 pinyin 字段录制当前指定读音。
219,很,hěn,hěn,hen3,219_hen3.mp3,/audio/hanzi/219_hen3.mp3,false,一年级下册常见字节选,很,
220,河,hé,hé,he2,220_he2.mp3,/audio/hanzi/220_he2.mp3,false,一年级下册常见字节选,河,
221,姐,jiě,jiě,jie3,221_jie3.mp3,/audio/hanzi/221_jie3.mp3,false,一年级下册常见字节选,姐,
222,借,jiè,jiè,jie4,222_jie4.mp3,/audio/hanzi/222_jie4.mp3,false,一年级下册常见字节选,借,
223,呢,ne,ne/ní,ne5,223_ne5.mp3,/audio/hanzi/223_ne5.mp3,true,一年级下册常见字节选,呢,多音字，请按 pinyin 字段录制当前指定读音。
224,呀,ya,ya,ya5,224_ya5.mp3,/audio/hanzi/224_ya5.mp3,false,一年级下册常见字节选,呀,
225,哪,nǎ,nǎ/na/něi,na3,225_na3.mp3,/audio/hanzi/225_na3.mp3,true,一年级下册常见字节选,哪,多音字，请按 pinyin 字段录制当前指定读音。
226,谁,shuí,shuí/shéi,shui2,226_shui2.mp3,/audio/hanzi/226_shui2.mp3,true,一年级下册常见字节选,谁,多音字，请按 pinyin 字段录制当前指定读音。
227,怕,pà,pà,pa4,227_pa4.mp3,/audio/hanzi/227_pa4.mp3,false,一年级下册常见字节选,怕,
228,跟,gēn,gēn,gen1,228_gen1.mp3,/audio/hanzi/228_gen1.mp3,false,一年级下册常见字节选,跟,
229,凉,liáng,liáng,liang2,229_liang2.mp3,/audio/hanzi/229_liang2.mp3,false,一年级下册常见字节选,凉,
230,量,liàng,liàng/liáng,liang4,230_liang4.mp3,/audio/hanzi/230_liang4.mp3,true,一年级下册常见字节选,量,多音字，请按 pinyin 字段录制当前指定读音。
231,最,zuì,zuì,zui4,231_zui4.mp3,/audio/hanzi/231_zui4.mp3,false,一年级下册常见字节选,最,
232,园,yuán,yuán,yuan2,232_yuan2.mp3,/audio/hanzi/232_yuan2.mp3,false,一年级下册常见字节选,园,
233,因,yīn,yīn,yin1,233_yin1.mp3,/audio/hanzi/233_yin1.mp3,false,一年级下册常见字节选,因,
234,为,wèi,wèi/wéi,wei4,234_wei4.mp3,/audio/hanzi/234_wei4.mp3,true,一年级下册常见字节选,为,多音字，请按 pinyin 字段录制当前指定读音。
235,脸,liǎn,liǎn,lian3,235_lian3.mp3,/audio/hanzi/235_lian3.mp3,false,一年级下册常见字节选,脸,
236,阳,yáng,yáng,yang2,236_yang2.mp3,/audio/hanzi/236_yang2.mp3,false,一年级下册常见字节选,阳,
237,光,guāng,guāng,guang1,237_guang1.mp3,/audio/hanzi/237_guang1.mp3,false,一年级下册常见字节选,光,
238,可,kě,kě,ke3,238_ke3.mp3,/audio/hanzi/238_ke3.mp3,false,一年级下册常见字节选,可,
239,石,shí,shí,shi2,239_shi2.mp3,/audio/hanzi/239_shi2.mp3,false,一年级下册常见字节选,石,
240,办,bàn,bàn,ban4,240_ban4.mp3,/audio/hanzi/240_ban4.mp3,false,一年级下册常见字节选,办,
241,法,fǎ,fǎ,fa3,241_fa3.mp3,/audio/hanzi/241_fa3.mp3,false,一年级下册常见字节选,法,
242,找,zhǎo,zhǎo,zhao3,242_zhao3.mp3,/audio/hanzi/242_zhao3.mp3,false,一年级下册常见字节选,找,
243,许,xǔ,xǔ,xu3,243_xu3.mp3,/audio/hanzi/243_xu3.mp3,false,一年级下册常见字节选,许,
244,别,bié,bié,bie2,244_bie2.mp3,/audio/hanzi/244_bie2.mp3,false,一年级下册常见字节选,别,
245,到,dào,dào,dao4,245_dao4.mp3,/audio/hanzi/245_dao4.mp3,false,一年级下册常见字节选,到,
246,那,nà,nà,na4,246_na4.mp3,/audio/hanzi/246_na4.mp3,false,一年级下册常见字节选,那,
247,都,dōu,dōu/dū,dou1,247_dou1.mp3,/audio/hanzi/247_dou1.mp3,true,一年级下册常见字节选,都,多音字，请按 pinyin 字段录制当前指定读音。
248,吓,xià,xià/hè,xia4,248_xia4.mp3,/audio/hanzi/248_xia4.mp3,true,一年级下册常见字节选,吓,多音字，请按 pinyin 字段录制当前指定读音。
249,叫,jiào,jiào,jiao4,249_jiao4.mp3,/audio/hanzi/249_jiao4.mp3,false,一年级下册常见字节选,叫,
250,再,zài,zài,zai4,250_zai4.mp3,/audio/hanzi/250_zai4.mp3,false,一年级下册常见字节选,再,
251,象,xiàng,xiàng,xiang4,251_xiang4.mp3,/audio/hanzi/251_xiang4.mp3,false,一年级下册常见字节选,象,
252,像,xiàng,xiàng,xiang4,252_xiang4.mp3,/audio/hanzi/252_xiang4.mp3,false,一年级下册常见字节选,像,
253,做,zuò,zuò,zuo4,253_zuo4.mp3,/audio/hanzi/253_zuo4.mp3,false,一年级下册常见字节选,做,
254,点,diǎn,diǎn,dian3,254_dian3.mp3,/audio/hanzi/254_dian3.mp3,false,一年级下册常见字节选,点,
255,照,zhào,zhào,zhao4,255_zhao4.mp3,/audio/hanzi/255_zhao4.mp3,false,一年级下册常见字节选,照,
256,沙,shā,shā,sha1,256_sha1.mp3,/audio/hanzi/256_sha1.mp3,false,一年级下册常见字节选,沙,
257,海,hǎi,hǎi,hai3,257_hai3.mp3,/audio/hanzi/257_hai3.mp3,false,一年级下册常见字节选,海,
258,桥,qiáo,qiáo,qiao2,258_qiao2.mp3,/audio/hanzi/258_qiao2.mp3,false,一年级下册常见字节选,桥,
259,竹,zhú,zhú,zhu2,259_zhu2.mp3,/audio/hanzi/259_zhu2.mp3,false,一年级下册常见字节选,竹,
260,军,jūn,jūn,jun1,260_jun1.mp3,/audio/hanzi/260_jun1.mp3,false,一年级下册常见字节选,军,
261,苗,miáo,miáo,miao2,261_miao2.mp3,/audio/hanzi/261_miao2.mp3,false,一年级下册常见字节选,苗,
262,井,jǐng,jǐng,jing3,262_jing3.mp3,/audio/hanzi/262_jing3.mp3,false,一年级下册常见字节选,井,
263,乡,xiāng,xiāng,xiang1,263_xiang1.mp3,/audio/hanzi/263_xiang1.mp3,false,一年级下册常见字节选,乡,
264,面,miàn,miàn,mian4,264_mian4.mp3,/audio/hanzi/264_mian4.mp3,false,一年级下册常见字节选,面,
265,忘,wàng,wàng,wang4,265_wang4.mp3,/audio/hanzi/265_wang4.mp3,false,一年级下册常见字节选,忘,
266,想,xiǎng,xiǎng,xiang3,266_xiang3.mp3,/audio/hanzi/266_xiang3.mp3,false,一年级下册常见字节选,想,
267,念,niàn,niàn,nian4,267_nian4.mp3,/audio/hanzi/267_nian4.mp3,false,一年级下册常见字节选,念,
268,王,wáng,wáng,wang2,268_wang2.mp3,/audio/hanzi/268_wang2.mp3,false,一年级下册常见字节选,王,
269,从,cóng,cóng,cong2,269_cong2.mp3,/audio/hanzi/269_cong2.mp3,false,一年级下册常见字节选,从,
270,边,biān,biān,bian1,270_bian1.mp3,/audio/hanzi/270_bian1.mp3,false,一年级下册常见字节选,边,
271,这,zhè,zhè/zhèi,zhe4,271_zhe4.mp3,/audio/hanzi/271_zhe4.mp3,true,一年级下册常见字节选,这,多音字，请按 pinyin 字段录制当前指定读音。
272,进,jìn,jìn,jin4,272_jin4.mp3,/audio/hanzi/272_jin4.mp3,false,一年级下册常见字节选,进,
273,道,dào,dào,dao4,273_dao4.mp3,/audio/hanzi/273_dao4.mp3,false,一年级下册常见字节选,道,
274,贝,bèi,bèi,bei4,274_bei4.mp3,/audio/hanzi/274_bei4.mp3,false,一年级下册常见字节选,贝,
275,原,yuán,yuán,yuan2,275_yuan2.mp3,/audio/hanzi/275_yuan2.mp3,false,一年级下册常见字节选,原,
276,男,nán,nán,nan2,276_nan2.mp3,/audio/hanzi/276_nan2.mp3,false,一年级下册常见字节选,男,
277,爱,ài,ài,ai4,277_ai4.mp3,/audio/hanzi/277_ai4.mp3,false,一年级下册常见字节选,爱,
278,虾,xiā,xiā,xia1,278_xia1.mp3,/audio/hanzi/278_xia1.mp3,false,一年级下册常见字节选,虾,
279,跑,pǎo,pǎo,pao3,279_pao3.mp3,/audio/hanzi/279_pao3.mp3,false,一年级下册常见字节选,跑,
280,吹,chuī,chuī,chui1,280_chui1.mp3,/audio/hanzi/280_chui1.mp3,false,一年级下册常见字节选,吹,
281,地,dì,dì/de,di4,281_di4.mp3,/audio/hanzi/281_di4.mp3,true,一年级下册常见字节选,地,多音字，请按 pinyin 字段录制当前指定读音。
282,快,kuài,kuài,kuai4,282_kuai4.mp3,/audio/hanzi/282_kuai4.mp3,false,一年级下册常见字节选,快,
283,乐,lè,lè/yuè,le4,283_le4.mp3,/audio/hanzi/283_le4.mp3,true,一年级下册常见字节选,乐,多音字，请按 pinyin 字段录制当前指定读音。
284,老,lǎo,lǎo,lao3,284_lao3.mp3,/audio/hanzi/284_lao3.mp3,false,一年级下册常见字节选,老,
285,师,shī,shī,shi1,285_shi1.mp3,/audio/hanzi/285_shi1.mp3,false,一年级下册常见字节选,师,
286,短,duǎn,duǎn,duan3,286_duan3.mp3,/audio/hanzi/286_duan3.mp3,false,一年级下册常见字节选,短,
287,对,duì,duì,dui4,287_dui4.mp3,/audio/hanzi/287_dui4.mp3,false,一年级下册常见字节选,对,
288,冷,lěng,lěng,leng3,288_leng3.mp3,/audio/hanzi/288_leng3.mp3,false,一年级下册常见字节选,冷,
289,淡,dàn,dàn,dan4,289_dan4.mp3,/audio/hanzi/289_dan4.mp3,false,一年级下册常见字节选,淡,
290,热,rè,rè,re4,290_re4.mp3,/audio/hanzi/290_re4.mp3,false,一年级下册常见字节选,热,
291,情,qíng,qíng,qing2,291_qing2.mp3,/audio/hanzi/291_qing2.mp3,false,一年级下册常见字节选,情,
292,拉,lā,lā,la1,292_la1.mp3,/audio/hanzi/292_la1.mp3,false,一年级下册常见字节选,拉,
293,把,bǎ,bǎ,ba3,293_ba3.mp3,/audio/hanzi/293_ba3.mp3,false,一年级下册常见字节选,把,
294,给,gěi,gěi/jǐ,gei3,294_gei3.mp3,/audio/hanzi/294_gei3.mp3,true,一年级下册常见字节选,给,多音字，请按 pinyin 字段录制当前指定读音。
295,活,huó,huó,huo2,295_huo2.mp3,/audio/hanzi/295_huo2.mp3,false,一年级下册常见字节选,活,
296,种,zhòng,zhòng/zhǒng,zhong4,296_zhong4.mp3,/audio/hanzi/296_zhong4.mp3,true,一年级下册常见字节选,种,多音字，请按 pinyin 字段录制当前指定读音。
297,吃,chī,chī,chi1,297_chi1.mp3,/audio/hanzi/297_chi1.mp3,false,一年级下册常见字节选,吃,
298,练,liàn,liàn,lian4,298_lian4.mp3,/audio/hanzi/298_lian4.mp3,false,一年级下册常见字节选,练,
299,习,xí,xí,xi2,299_xi2.mp3,/audio/hanzi/299_xi2.mp3,false,一年级下册常见字节选,习,
300,苦,kǔ,kǔ,ku3,300_ku3.mp3,/audio/hanzi/300_ku3.mp3,false,一年级下册常见字节选,苦,
